SiteID,author,year
Al-Zankana_2021_Control_2015,Al-Zankana (2021),2021
Al-Zankana_2021_Control_2016,Al-Zankana (2021),2021
Al-Zankana_2021_Ref_2015,Al-Zankana (2021),2021
Al-Zankana_2021_Ref_2016,Al-Zankana (2021),2021
Anderson_Rosemond_2007_MejillonesBeaverPond,Anderson and Rosemond (2007),2007
Anderson_Rosemond_2007_MejillonesDownstream,Anderson and Rosemond (2007),2007
Anderson_Rosemond_2007_MejillonesForested,Anderson and Rosemond (2007),2007
Anderson_Rosemond_2007_RobaloBeaverPond,Anderson and Rosemond (2007),2007
Anderson_Rosemond_2007_RobaloDownstream,Anderson and Rosemond (2007),2007
Anderson_Rosemond_2007_RobaloForested,Anderson and Rosemond (2007),2007
Benke_Wallace_2015_OgeecheeRiver_1982,Benke and Wallace (2015),2015
Benke_EtAl_1984_SatillaRiver_Lower,Benke et al. (1984),1984
Benke_EtAl_1984_SatillaRiver_Upper,Benke et al. (1984),1984
Beracko_Revajová_2019,Beracko and Revajová (2019),2019
Böttger_1975_Kalengo,Böttger (1975),1975
Bright_1982_Outcrop,Bright (1982),1982
Bright_1982_Riffle,Bright (1982),1982
Buffagni_2001,Buffagni (2001),2001
Carlisle_Clements_2003_HighZinc_Snake,Carlisle and Clements (2003),2003
Carlisle_Clements_2003_IntermediateZinc_Mosquito,Carlisle and Clements (2003),2003
Carlisle_Clements_2003_LowZinc_Buckskin,Carlisle and Clements (2003),2003
Carlisle_Clements_2003_Reference1_EastFork,Carlisle and Clements (2003),2003
Carlisle_Clements_2003_Reference2_FourMile,Carlisle and Clements (2003),2003
Chadwick_Huryn_2005_EBB_Yr1,Chadwick and Huryn (2005),2005
Chadwick_Huryn_2005_EBB_Yr2,Chadwick and Huryn (2005),2005
Chadwick_Huryn_2005_WBB_N_Yr1,Chadwick and Huryn (2005),2005
Chadwick_Huryn_2005_WBB_N_Yr2,Chadwick and Huryn (2005),2005
Chadwick_Huryn_2007_BB,Chawick and Huryn (2007),2007
Chadwick_Huryn_2007_ED,Chawick and Huryn (2007),2007
Chadwick_Huryn_2007_EU,Chawick and Huryn (2007),2007
Chadwick_Huryn_2007_SWP,Chawick and Huryn (2007),2007
Chadwick_Huryn_2007_WD,Chawick and Huryn (2007),2007
Chadwick_Huryn_2007_WU,Chawick and Huryn (2007),2007
Colon-Gaud_EtAl_2009_ElCope_Site1,Colon-Gaud et al. (2009),2009
Colon-Gaud_EtAl_2009_ElCope_Site2,Colon-Gaud et al. (2009),2009
Colon-Gaud_EtAl_2009_Fortuna_Site1,Colon-Gaud et al. (2009),2009
Colon-Gaud_EtAl_2009_Fortuna_Site2,Colon-Gaud et al. (2009),2009
Consoli_2023,Consoli (2023),2023
Cross_EtAl_2006_C53_Reference,Cross et al. (2006),2006
Cross_EtAl_2011_Site1_GlenCanyon_Yr1,Cross et al. (2011),2011
Cross_EtAl_2013_ColoradoRiver_Site2,Cross et al. (2013),2013
Cross_EtAl_2013_ColoradoRiver_Site3,Cross et al. (2013),2013
Cross_EtAl_2013_ColoradoRiver_Site4,Cross et al. (2013),2013
Cross_EtAl_2013_ColoradoRiver_Site5,Cross et al. (2013),2013
Cross_EtAl_2013_ColoradoRiver_Site6,Cross et al. (2013),2013
Crowther_1981_FortMckay,Crowther (1981),1981
Demi_2018,Demi (2018),2018
Dolph_EtAl_2015_Buffalo Creek_restored,Dolph et al. (2015),2015
Dolph_EtAl_2015_Buffalo Creek_up,Dolph et al. (2015),2015
Dolph_EtAl_2015_Elm Creek_restored,Dolph et al. (2015),2015
Dolph_EtAl_2015_Elm Creek_up,Dolph et al. (2015),2015
Dolph_EtAl_2015_Rush River_restored,Dolph et al. (2015),2015
Dolph_EtAl_2015_Rush River_up,Dolph et al. (2015),2015
Dudgeon_1999,Dudgeon (1999),1999
Dunkle_EtAl_2024_Alaska_glacierfed,Dunkle et al. (2024),2024
Dunkle_EtAl_2024_Alaska_rainfed,Dunkle et al. (2024),2024
Dunkle_EtAl_2024_Alaska_snowmelt,Dunkle et al. (2024),2024
Dunkle_EtAl_2024_Alaska_transition,Dunkle et al. (2024),2024
Edwards_EtAl_1989_Detroit_MainChannel,Edwards et al. (1989),1989
Edwards_EtAl_1989_StClaire_MainChannel,Edwards et al. (1989),1989
Edwards_EtAl_1989_StLawrence_MainChannel,Edwards et al. (1989),1989
Ely_Wallace_2010_BigHurricaneBranch_Disturbed,Ely and Wallace (2010),2010
Ely_Wallace_2010_HughWhiteCreek_Reference,Ely and Wallace (2010),2010
Entrekin_EtAl_2009_ShaneCreek_AfterWood_yr1,Entekin et al. (2009),2009
Entrekin_EtAl_2009_ShaneCreek_AfterWood_yr2,Entekin et al. (2009),2009
Entrekin_EtAl_2009_ShaneCreek_AfterWood_yr3,Entekin et al. (2009),2009
Entrekin_EtAl_2009_StateCreek_AfterWood_yr1,Entekin et al. (2009),2009
Entrekin_EtAl_2009_StateCreek_AfterWood_yr2,Entekin et al. (2009),2009
Entrekin_EtAl_2009_StateCreek_AfterWood_yr3,Entekin et al. (2009),2009
Entrekin_EtAl_2009_WaltonCreek_AfterWood_yr1,Entekin et al. (2009),2009
Entrekin_EtAl_2009_WaltonCreek_AfterWood_yr2,Entekin et al. (2009),2009
Entrekin_EtAl_2009_WaltonCreek_AfterWood_yr3,Entekin et al. (2009),2009
Fisher_1977_FortRiver,Fisher (1977),1977
Fisher_Gray_1983_SycamoreCreek,Fisher and Gray (1983),1983
Fisher_Likens_1973_Bear Brook,Fisher and Likens (1973),1973
Baekken_EtAl_1976_Ekso_Station1,Fjellheim et al. (1976),1976
Baekken_EtAl_1976_Ekso_Station4,Fjellheim et al. (1976),1976
Fjellheim_EtAl_1993_Ekso_site2,Fjellheim et al. (1993),1993
Fjellheim_EtAl_1993_Ekso_site3,Fjellheim et al. (1993),1993
Fjellheim_EtAl_1993_Ekso_site5_ref,Fjellheim et al. (1993),1993
Flössner_1976_Saale_Eichicht,Flössner (1976),1976
Flössner_1976_Saale_Fischersdorf,Flössner (1976),1976
Flössner_1976_Saale_Großheringen,Flössner (1976),1976
Flössner_1976_Saale_Maua,Flössner (1976),1976
Flössner_1976_Saale_Rothenstein,Flössner (1976),1976
Flössner_1976_Saale_Stöben,Flössner (1976),1976
Flössner_1982_Ilm_Buchfart,Flössner (1982),1982
Flössner_1982_Ilm_Tannroda,Flössner (1982),1982
Gaines_EtAl_1992_DouglasCreek,Gaines et al. (1992),1992
Gaines_EtAl_1992_RattlesnakeSprings,Gaines et al. (1992),1992
Gaines_EtAl_1992_SnivelySprings,Gaines et al. (1992),1992
Golovatyuk_2020_site1,Golovatyuk (2020),2020
Golovatyuk_2020_site2,Golovatyuk (2020),2010
Griffith_EtAl_1994_FernowExperimentalForest_WS3,Griffith et al. (1994),1994
Griffith_EtAl_1994_FernowExperimentalForest_WS4,Griffith et al. (1994),1994
Griffith_EtAl_1994_NorthForkHickmanSlideRun,Griffith et al. (1994),1994
Griffith_EtAl_1994_SouthForkRedRun,Griffith et al. (1994),1994
Grubaugh_Wallace_1995_MiddleOconeeRiver,Grubaugh and Wallace (1995),1995
Grubaugh_EtAl_1997_BallCreek1_M1,Grubaugh et al. (1997),1997
Grubaugh_EtAl_1997_BallCreek1_S1,Grubaugh et al. (1997),1997
Grubaugh_EtAl_1997_BallCreek2_M2,Grubaugh et al. (1997),1997
Grubaugh_EtAl_1997_BallCreek2_S2,Grubaugh et al. (1997),1997
Grubaugh_EtAl_1997_BallCreek3_M3,Grubaugh et al. (1997),1997
Grubaugh_EtAl_1997_BallCreek3_S3,Grubaugh et al. (1997),1997
Grubaugh_EtAl_1997_CoweetaCreek_M4,Grubaugh et al. (1997),1997
Grubaugh_EtAl_1997_CoweetaCreek_M5,Grubaugh et al. (1997),1997
Grubaugh_EtAl_1997_LittleTennesseeRiver_R1,Grubaugh et al. (1997),1997
Grubaugh_EtAl_1997_LittleTennesseeRiver_R2,Grubaugh et al. (1997),1997
Grubaugh_EtAl_1997_LittleTennesseeRiver_R3,Grubaugh et al. (1997),1997
Gücker_EtAl_2024_Calcada_dos_Escravos,Gücker et al. (2024),2024
Gücker_EtAl_2024_Carandai,Gücker et al. (2024),2024
Gücker_EtAl_2024_Oficina,Gücker et al. (2024),2024
Gücker_EtAl_2024_Prados,Gücker et al. (2024),2024
Gücker_EtAl_2024_Ritapolis,Gücker et al. (2024),2024
Gücker_EtAl_2024_Sumidouro,Gücker et al. (2024),2024
Gümbel_1976_Breitenbach_StreamSpring,Gümbel (1976),1976
Gümbel_1976_Kalkbach_StreamSpring,Gümbel (1976),1976
Hall_EtAl_2001_BearBrook,Hall et al. (2001),2001
Hall_EtAl_2001_HubbardBrook,Hall et al. (2001),2001
Hall_EtAl_2006_FireholeRiver_Riffle,Hall et al. (2006),2006
Hall_EtAl_2006_FireholeRiver_Vegetated,Hall et al. (2006),2006
Hall_EtAl_2006_GibbonRiver,Hall et al. (2006),2006
Hall_EtAl_2006_PolecatCreek,Hall et al. (2006),2006
Hankel_2023_Choncas,Hankel (2023),2023
Hankel_2023_Munoz,Hankel (2023),2023
Hankel_2023_Siambon,Hankel (2023),2023
Hannesdottir_EtAl_2013_HengladalsaRiverTributary_SiteIS1,Hannesdottir et al. (2013),2013
Hannesdottir_EtAl_2013_HengladalsaRiverTributary_SiteIS11,Hannesdottir et al. (2013),2013
Hannesdottir_EtAl_2013_HengladalsaRiverTributary_SiteIS5,Hannesdottir et al. (2013),2013
Hannesdottir_EtAl_2013_HengladalsaRiverTributary_SiteIS6,Hannesdottir et al. (2013),2013
Hannesdottir_EtAl_2013_HengladalsaRiverTributary_SiteIS7,Hannesdottir et al. (2013),2013
Hannesdottir_EtAl_2013_HengladalsaRiverTributary_SiteIS9,Hannesdottir et al. (2013),2013
Harper_1978_l'Achigan River,Harper (1978),1978
Harvey_EtAl_1998,Harvey et al. (1998),1998
Heinrich_EtAl_2014,Heinrich et al. (2014),2014
Helan_EtAl_1973_Lusova/Brodska,Helan et al. (1973),1973
Hertel_Alaska_GWS_25Mile,Hertel,2013
Hertel_Alaska_GWS_Hatch,Hertel,2013
Hertel_Alaska_SWS_18Mile,Hertel,2013
Hertel_Alaska_SWS_Blackhole,Hertel,2013
Hopkins_1976_HinauStream_Main_OrgEnrich,Hopkins (1976),1976
Hopkins_1976_HinauStream_NorthBranch_Open,Hopkins (1976),1976
Hopkins_1976_HinauStream_SouthBranch_Closed,Hopkins (1976),1976
Hopkins_1976_HorokiwiStream_Bush_Shaded,Hopkins (1976),1976
Hopkins_1976_HorokiwiStream_Gyton_Open,Hopkins (1976),1976
Hopkins_1976_HorokiwiStream_Lower_Open,Hopkins (1976),1976
Huryn_1996_SuttonStream,Huryn (1996),1996
Huryn_Wallace_1987_UpperBallCreek,Huryn and Wallace (1987),1987
Hynes_Coleman_Hirnant,Hynes and Coleman,1968
Illies_1971_1975_Breitenbach,Illies (1971),1971
Iversen_1988_RoldKilde,Iversen (1988),1988
Jackson_Fisher_1986_SycamoreCreek,Jackson and Fisher (1986),1986
Johnson_EtAl_2013_ChenowethRun,Johnson et al. (2013),2013
Johnson_EtAl_2013_GooseCreek,Johnson et al. (2013),2013
Johnson_EtAl_2013_HartsRun,Johnson et al. (2013),2013
Johnson_EtAl_2013_LittleGooseCreek,Johnson et al. (2013),2013
Johnson_EtAl_2013_SinkingCreek,Johnson et al. (2013),2013
Johnson_EtAl_2013_WilsonCreek,Johnson et al. (2013),2013
Johnson_Fritz_Price_2013_AshRun,Johnson_Fritz_Price (2013),2013
Johnson_Fritz_Price_2013_Beech,Johnson_Fritz_Price(2013),2013
Johnson_Fritz_Price_2013_HardwayRun,Johnson_Fritz_Price(2013),2013
Johnson_Fritz_Price_2013_JackRun,Johnson_Fritz_Price(2013),2013
Johnson_Fritz_Price_2013_LaurelRun,Johnson_Fritz_Price(2013),2013
Johnson_Fritz_Price_2013_Lost,Johnson_Fritz_Price(2013),2013
Johnson_Fritz_Price_2013_NeilRun,Johnson_Fritz_Price(2013),2013
Johnson_Fritz_Price_2013_PetersRun,Johnson_Fritz_Price(2013),2013
Johnson_Fritz_Price_2013_SugarcampRun,Johnson_Fritz_Price(2013),2013
Johnson_Fritz_Price_2013_BucklesRun,Johnson_Fritz_Price2013),2013
Junker_Cross_2014_WestBlacktailDeerCreek,Junker and Cross (2014),2014
Kedzierski_Smock_2001_HigginsCreek_Logged3yrsPrevious,Kedzierski and Smock (2001),2001
Kedzierski_Smock_2001_HigginsCreek_Unlogged,Kedzierski and Smock (2001),2001
Kendrick_2019_reference,Kendrick (2019),2019
Krueger_Waters_1983_BlackhoofRiver,Krueger and Waters (1983),1983
Krueger_Waters_1983_CaribouRiver,Krueger and Waters (1983),1983
Krueger_Waters_1983_NorthBranchCreek,Krueger and Waters (1983),1983
Lavandier_Décamps_1984_Estaragne_Station1,Lavandier and Décamps (1984),1984
Lavandier_Décamps_1984_Estaragne_Station2,Lavandier and Décamps (1984),1984
Lavandier_Décamps_1984_Estaragne_Station3,Lavandier and Décamps (1984),1984
Lavandier_Décamps_1984_Estaragne_Station4,Lavandier and Décamps (1984),1984
Lavandier_Décamps_1984_Estaragne_Station5,Lavandier and Décamps (1984),1984
Lavandier_Décamps_1984_Estaragne_Tributary1,Lavandier and Décamps (1984),1984
Lavandier_Décamps_1984_Estaragne_Tributary2,Lavandier and Décamps (1984),1984
Leland_EtAl_1986_ConvictCreek,Leland et al. (1986),1986
Linares_2018_close1,Linares (2018),2018
Linares_2018_close2,Linares (2018),2018
Linares_2018_close3,Linares (2018),2018
Linares_2018_close4,Linares (2018),2018
Linares_2018_open1,Linares (2018),2018
Linares_2018_open2,Linares (2018),2018
Linares_2018_open3,Linares (2018),2018
Linares_2018_open4,Linares (2018),2018
Lugthart_Wallace_1992_CoweetaCatchment53_Yr1,Lugthart and Wallace (1992),1992
Lugthart_Wallace_1992_CoweetaCatchment54_Yr1,Lugthart and Wallace (1992),1992
Lugthart_Wallace_1992_CoweetaCatchment54_Yr2,Lugthart and Wallace (1992),1992
Lugthart_Wallace_1992_CoweetaCatchment55_Yr1,Lugthart and Wallace (1992),1992
Lugthart_Wallace_1992_CoweetaCatchment55_Yr2,Lugthart and Wallace (1992),1992
Mann_EtAl_1972_Above,Mann et al. (1972),1972
Mann_EtAl_1972_Below,Mann et al. (1972),1972
Maslin_Pattee_1981_L'Ance_du_Nord,Maslin and Pattee (1981),1981
McCutchan_Lewis_2002_Alpine_9495,McCutchan and Lewis (2002),2002
McCutchan_Lewis_2002_Alpine_9596,McCutchan and Lewis (2002),2002
McCutchan_Lewis_2002_Foothills_9495,McCutchan and Lewis (2002),2002
McCutchan_Lewis_2002_Foothills_9596,McCutchan and Lewis (2002),2002
McCutchan_Lewis_2002_Montane_9495,McCutchan and Lewis (2002),2002
McCutchan_Lewis_2002_Montane_9596,McCutchan and Lewis (2002),2002
McCutchan_Lewis_2002_Subalpine_9495,McCutchan and Lewis (2002),2002
McCutchan_Lewis_2002_Subalpine_9596,McCutchan and Lewis (2002),2002
Mello_etal2020_Broa,Mello et al. (2020),2020
Mello_etal2020_Chanchim,Mello et al. (2020),2020
Mello_etal2020_Espraiado,Mello et al. (2020),2020
Meyerhoff_1991_Clearwater,Meyerhoff (1991),1991
Meyerhoff_1991_Elk,Meyerhoff (1991),1991
Miller_1985_Site1,Miller (1985),1985
Miller_1985_Site2,Miller (1985),1985
Miller_1985_Site3,Miller (1985),1985
Miller_1985_Site4,Miller (1985),1985
Miller_1985_SitePB,Miller (1985),1985
Mortensen_Simonsen_1983_BisballeBaek,Mortensen and Simonsen (1983),1983
Nakano_Murakami_2001,Nakano and Murakami (2001),2001
Naslund_2021_unmined,Naslund (2021),2021
Nelson_2023_G1,Nelson (2023),2023
Nelson_2023_G2,Nelson (2023),2023
Nelson_2023_G3,Nelson (2023),2023
Nelson_2023_G4,Nelson (2023),2023
Nelson_2023_G5,Nelson (2023),2023
Nelson_2023_G6,Nelson (2023),2023
Nelson_2023_G7,Nelson (2023),2023
Nelson_Scott_1962_Oconee,Nelson and Scott (1962),1962
Neres-Lima2017,Neres-Lima (2017),2017
Neves_1979_FactoryBrook,Neves (1979),1979
Paqualini_et_al_2023,Paqualini et al. (2023),2023
Popperl_1996,Popperl (1996),1996
Raitif_et_al_2018,Raitif et al. (2018),2018
Ramirez_Pringle_1998_Sabalo,Ramirez and Pringle (1998),1998
Ramirez_Pringle_1998_Sabalo,Ramirez and Pringle (1998),1998
Ramirez_Pringle_1998_Sabalo,Ramirez and Pringle (1998),1998
Reinert_2021_Beav,Reinert (2021),2021
Reinert_2021_Mim,Reinert (2021),2021
Reinert_2021_Ref,Reinert (2021),2021
Ringe_1974_Breitenbach,Ringe (1974),1974
Ringe_1974_Rohrwiesenbach,Ringe (1974),1974
Robinson_Minshall_1998_BirchCreek,Robinson and Minshall (1998),1998
Robinson_Minshall_1998_LittleLostRiver,Robinson and Minshall (1998),1998
Rosas_2020_Gatos,Rosas (2020),2020
Rosas_2020_Prieta,Rosas (2020),2020
Rundio_Lindley_2020_BigCreek,Rundio and Lindley (2012),2012
Rundio_Lindley_2020_DevilsCreek,Rundio and Lindley (2012),2012
Sanjaya_etal_2015_S1,Sanjaya et al. (2015),2015
Sanjaya_etal_2015_S4,Sanjaya et al. (2015),2015
Shieh_EtAl_2002_CacheLaPoudreRiver_Site1,Shieh et al. (2002),2002
Shieh_EtAl_2002_CacheLaPoudreRiver_Site2,Shieh et al. (2002),2002
Shieh_EtAl_2002_CacheLaPoudreRiver_Site3,Shieh et al. (2002),2002
Shieh_EtAl_2003_CacheLaPoudreRiver_Site4,Shieh et al. (2002),2002
Shieh_EtAl_2003_CacheLaPoudreRiver_Site5,Shieh et al. (2002),2002
Shieh_EtAl_2003_CacheLaPoudreRiver_Site6,Shieh et al. (2002),2002
Silina_etal_2023,Silina et al. (2023),2023
Silina_etal_2023,Silina et al. (2023),2023
Singer2007_Kleine_Erlauf_ref,Singer (2007),2007
Singer2007_Kleine_Erlauf_sub,Singer (2007),2007
Smock_EtAl_1985_CedarCreek_Downstream,Smock et al. (1985),1985
Smock_EtAl_1985_CedarCreek_Swamp,Smock et al. (1985),1985
Smock_EtAl_1985_CedarCreek_Upstream,Smock et al. (1985),1985
Smock_EtAl_1992_BuzzardsBranch,Smock et al. (1992),1992
Smock_EtAl_1992_ColliersCreek,Smock et al. (1992),1992
Stagliano_Whiles_2002_KingsCreek,Stagliano and Whiles (2002),2002
Stead_EtAl_2005_LoneOak,Stead et al. (2005),2005
Stone_Wallace_1998_BigHurricaneBranch_CatchC7,Stone and Wallace (1998),1998
Stone_Wallace_1998_HughWhiteCreek_CatchC14,Stone and Wallace (1998),1998
Tod_SchmidAraya_2009_Rover_Lambourn_Gravel,Tod and Schmid-Araya (2009),2009
Tod_SchmidAraya_2009_Rover_Lambourn_Macrophyte,Tod and Schmid-Araya (2009),2009
Tsuda_etal_1975_Yoshino,Tsuda et al. (1975),1975
Vandermyde_Whiles_2015_K02A_Closed,Vandermyde and Whiles (2015),2015
Vandermyde_Whiles_2015_K02A_Open,Vandermyde and Whiles (2015),2015
Vandermyde_Whiles_2015_K02A_Removal,Vandermyde and Whiles (2015),2015
Vandermyde_Whiles_2015_N04D_Closed,Vandermyde and Whiles (2015),2015
Vandermyde_Whiles_2015_N04D_Open,Vandermyde and Whiles (2015),2015
Vandermyde_Whiles_2015_N04D_Removal,Vandermyde and Whiles (2015),2015
Venarsky_EtAl_2014_Hering,Venarsky et al. (2014),2014
Venarsky_EtAl_2014_Limrock,Venarsky et al. (2014),2014
Venarsky_EtAl_2014_TonySinks,Venarsky et al. (2014),2014
Wallace_EtAl_1995_DDP,Wallace et al. (1995),1995
Wallace_EtAl_1995_DDT,Wallace et al. (1995),1995
Wallace_EtAl_1995_RP,Wallace et al. (1995),1995
Wallace_EtAl_1995_RT,Wallace et al. (1995),1995
Wallace_EtAl_1999_C53_Before,Wallace et al. (1999),1999
Wallace_EtAl_1999_C55_Before,Wallace et al. (1999),1999
Walther_Whiles_2011_BC1_Yr1,Walther and Whiles (2011),2011
Walther_Whiles_2011_BC1_Yr2,Walther and Whiles (2011),2011
Walther_Whiles_2011_BC2_Yr1,Walther and Whiles (2011),2011
Walther_Whiles_2011_BC2_Yr2,Walther and Whiles (2011),2011
Whiting_EtAl_2011_KingsCreek_GalleryForest,Whiting et al. (2011),2011
Whiting_EtAl_2011_KingsCreek_Grass,Whiting et al. (2011),2011
Whiting_EtAl_2011_KingsCreek_Shrub,Whiting et al. (2011),2011
Wild_et_al_2022_GE,Wild et al. (2022),2022
Wild_et_al_2022_OB,Wild et al. (2022),2022
Wild_et_al_2022_SB,Wild et al. (2022),2022
Wild_et_al_2022_WG,Wild et al. (2022),2022
Williams_Hogg_1988,Williams and Hogg (1988),1988
Woodward_EtAl_2005_Broadstone,Woodward et al. (2005),2005
Yuen_Dudgeon_2016_SM,Yuen and Dudgeon (2016),2016
Yuen_Dudgeon_2016_TKP,Yuen and Dudgeon (2016),2016
Zelinka_EtAl_1977_Bityska_Betamesosaprobity,Zelinka et al. (1977),1977
Zelinka_EtAl_1977_Bityska_Oligosaprobity,Zelinka et al. (1977),1977
Zelinka_EtAl_1977_Bityska_Polysaprobity,Zelinka et al. (1977),1977
Zilli_EtAl_2013_Parana_Riverine,Zilli et al. (2013),2013
