rowname,FEOW_ID,AREA_SKM,area_m,units,q2.5,q25,q50,q75,q97.5
1,101,990699.7,7683005137.96284,kgdmm2y,203872.78649858185,1917768.3805838274,4419990.569871733,9446610.253331006,40374425.11074264
2,102,572690,4223401208.84414,kgdmm2y,112070.28467207807,1054210.5792458707,2429699.470541505,5192867.172021223,22194101.4950708
3,103,927260.6,3928384889.77641,kgdmm2y,104241.86363748787,980571.0386878725,2259978.205903202,4830130.9594896585,20643781.787253283
4,104,630669,3820870846.31502,kgdmm2y,101388.91908849918,953734.2698303106,2198125.9684394994,4697937.469168925,20078792.226770442
5,105,1089035.8,9375542982.93036,kgdmm2y,248785.21340857178,2340245.7190385116,5393698.276631261,11527663.835010685,49268762.83948951
6,106,580809.8,6506719572.23025,kgdmm2y,172659.39906779453,1624153.6785250364,3743279.9579883143,8000312.732171065,34193008.77303205
7,107,223720.7,303306000.041603,kgdmm2y,8048.392299606929,75708.74235746953,174490.27247753026,372928.75879158103,1593882.2328531723
8,108,317721.2,1618309030.16929,kgdmm2y,42942.7242949771,403948.9538718247,931004.2781493098,1989785.8198633047,8504263.054799037
9,109,643607.2,4662521509.73217,kgdmm2y,123722.58448739174,1163820.1673163548,2682322.9627963817,5732785.896833447,24501691.999625828
10,110,997304.4,13482254316.8024,kgdmm2y,357759.0677725164,3365329.134038451,7756266.704343222,16577055.40737044,70849655.50108397
11,111,891808.8,9113007319.19118,kgdmm2y,241818.68450996513,2274713.731794769,5242662.95423528,11204864.09084688,47889129.960921995
12,112,1347214.9,4422074990.95254,kgdmm2y,117342.20325540878,1103801.89026763,2543995.403920605,5437145.778299873,23238138.24802948
13,113,1093120.3,8659924385.19575,kgdmm2y,229795.87851024224,2161618.9063982344,4982006.836001756,10647777.662680648,45508165.395746075
14,114,263985.6,3359325216.71391,kgdmm2y,89141.55078490717,838527.0561487695,1932601.3080013138,4130445.7652487536,17653355.93941927
15,115,129059.3,795051889.316655,kgdmm2y,21097.141180479128,198454.29579644886,457388.976088866,977553.0791250172,4178021.801099698
16,116,767004.7,1952862324.84001,kgdmm2y,51820.2808229278,487457.3882173171,1123470.947246994,2401134.572984154,10262350.769005187
17,117,387065,6052403088.01317,kgdmm2y,160603.8601313551,1510750.944495296,3481914.1851015324,7441709.596940008,31805561.864014097
18,118,360067.2,2724255111.41435,kgdmm2y,72289.61463955413,680006.0939044997,1567248.9717440214,3349597.690754619,14316043.267351063
19,119,57256.4,7559988.77652546,kgdmm2y,200.60847937645943,1887.0620509611413,4349.219934198655,9295.355945880425,39727.97039893876
20,120,256937.3,3445997685.3036,kgdmm2y,91441.45262888487,860161.522967898,1982463.5021499319,4237013.575078173,18108822.391595233
21,121,321537.6,1074715447.47571,kgdmm2y,28518.168221352946,268261.6067910645,618277.881875483,1321412.361859905,5647662.28452263
22,122,92737.1,433210138.267881,kgdmm2y,11495.470384590544,108134.34201851608,249223.40822806887,532651.9064509444,2276532.420665371
23,123,108579.9,263858249.122748,kgdmm2y,7001.624432540085,65862.12009979055,151796.19848785442,324425.92407921073,1386583.1048868408
24,124,52982.1,0,kgdmm2y,0,0,0,0,0
25,125,184565.9,264005436.928805,kgdmm2y,7005.530142300863,65898.85990607663,151880.8748225815,324606.8982960563,1387356.5812735087
26,126,207945,0,kgdmm2y,0,0,0,0,0
27,127,155622.7,0,kgdmm2y,0,0,0,0,0
28,128,80644.1,0,kgdmm2y,0,0,0,0,0
29,129,34543.2,0,kgdmm2y,0,0,0,0,0
30,130,506784.4,1378688601.87621,kgdmm2y,36584.26383050225,344136.8787175616,793151.9645837788,1695161.417800081,7245050.433773997
31,131,154175.6,126105429.174574,kgdmm2y,3346.2772413603857,31477.397235618122,72547.759340564,155052.4591419321,662687.8564885224
32,132,163644.9,190474576.750953,kgdmm2y,5054.348138787174,47544.69299950529,109578.97566403968,234197.3039746702,1000949.6800324734
33,133,114248.8,83482462.552145,kgdmm2y,2215.253271167555,20838.20382010416,48027.001232487746,102645.54982811325,438702.8736604052
34,134,71693.9,76832046.6682252,kgdmm2y,2038.78081107121,19178.181853322607,44201.05357726533,94468.55583294717,403754.73640954186
35,135,149798.2,99248546.8170085,kgdmm2y,2633.615028517809,24773.603750969294,57097.142736125614,122030.67981265868,521554.12483243947
36,136,1015.4,0,kgdmm2y,0,0,0,0,0
37,137,61743.7,0,kgdmm2y,0,0,0,0,0
38,138,38526.1,0,kgdmm2y,0,0,0,0,0
39,139,71097.2,0,kgdmm2y,0,0,0,0,0
40,140,271471,480740442.999178,kgdmm2y,12756.713282999644,119998.46470181347,276567.330940994,591092.6149960997,2526305.6141495756
41,141,136216.1,1970984932.27423,kgdmm2y,52301.174224648734,491981.0040274057,1133896.7835600462,2423417.1572244386,10357585.620931672
42,142,679471.2,4187148562.97387,kgdmm2y,111108.30068289672,1045161.4927603003,2408843.522900947,5148292.8667801265,22003592.741077747
43,143,593055.8,1280784576.64518,kgdmm2y,33986.32642516948,319698.8833565778,736828.3177160405,1574783.8894785193,6730561.810670124
44,144,417740.2,1436938338.2969,kgdmm2y,38129.95277169731,358676.6975357176,826662.7173496204,1766782.1635167007,7551154.5660252
45,145,115804.5,508906994.0231,kgdmm2y,13504.128277547477,127029.16687808474,292771.3927209861,625724.6925394064,2674321.6943841362
46,146,158558.9,1175696631.5214,kgdmm2y,31197.759736084085,293467.69715795043,676371.8012731184,1445573.3993016237,6178321.470561894
47,147,85639.8,637701433.359973,kgdmm2y,16921.759889348417,159177.77265407523,366866.1248080504,784083.4140766308,3351140.380863038
48,148,476574.9,2524038942.63902,kgdmm2y,66976.7679737871,630029.7850430465,1452065.71180448,3103422.6487140795,13263901.22565997
49,149,249444.9,2371380499.72326,kgdmm2y,62925.89184121913,591924.4435007873,1364242.1498020377,2915722.030764481,12461676.476314144
50,150,373804.1,1469549690.32653,kgdmm2y,38995.31301685911,366816.87428263767,845423.8486847415,1806879.3295248148,7722528.210404862
51,151,46043.7,517342143.800529,kgdmm2y,13727.95963764381,129134.6794006146,297624.08796226216,636096.099423168,2718648.6623961614
52,152,105799.8,1779667912.23203,kgdmm2y,47224.471387645244,444226.0272811923,1023833.1549072216,2188184.030249518,9352208.875843048
53,153,114829.6,954898267.360589,kgdmm2y,25338.753143290254,238353.8304263043,549347.7176093324,1174091.5958476588,5018019.367633863
54,154,35016.2,36559647.3794317,kgdmm2y,970.1304438573665,9125.717670437358,21032.563919093074,44951.77779931558,192122.0562384535
55,155,53773.8,573859614.12912,kgdmm2y,15227.681940939827,143242.1042429069,330138.2775794273,705586.9438403257,3015649.683774543
56,156,158193.7,665404286.114151,kgdmm2y,17656.870394097048,166092.7302923854,382803.4235255779,818145.3531453749,3496719.712620984
57,157,315029.3,2187106758.18076,kgdmm2y,58036.08629089376,545927.5518475577,1258230.4805050427,2689148.9405456954,11493312.373442188
58,158,142226.4,369525056.356882,kgdmm2y,9805.551547567818,92237.79708451273,212585.73111690124,454348.1520004839,1941865.3829482896
59,159,174794.3,0,kgdmm2y,0,0,0,0,0
60,160,184530.6,148858272.327627,kgdmm2y,3950.0365062680294,37156.774300160614,85637.344778604,183028.13240551314,782254.7376038706
61,161,132937.2,0,kgdmm2y,0,0,0,0,0
62,162,126646.6,381535974.028809,kgdmm2y,10124.26788449716,95235.86329941112,219495.54594744288,469116.13093504246,2004983.1197385965
63,163,182006.4,0,kgdmm2y,0,0,0,0,0
64,164,109507.9,142850066.718803,kgdmm2y,3790.605450667805,35657.05556592269,82180.85716002432,175640.7656539289,750681.4348339952
65,165,70534.6,0,kgdmm2y,0,0,0,0,0
66,166,64138.8,0,kgdmm2y,0,0,0,0,0
67,167,140833.6,330051180.556098,kgdmm2y,8758.090442323964,82384.65374925926,189876.62762643874,405813.1955371756,1734428.967934764
68,168,48411.6,54180347.870387,kgdmm2y,1437.7054675154284,13524.051608588557,31169.655930098488,66617.24423330903,284719.3719496775
69,169,119231,506367010.16258,kgdmm2y,13436.728402367524,126395.15705413841,291310.1539856829,622601.6648765034,2660974.0021312255
70,170,63166.5,86711299.1522898,kgdmm2y,2300.932234411704,21644.159383928152,49884.53315756476,106615.55380254058,455670.5079605869
71,171,58212.1,517836435.464176,kgdmm2y,13741.075940054283,129258.06040925723,297908.45123585814,636703.853890866,2721246.1800859743
72,172,21364.9,93409630.6262987,kgdmm2y,2478.6761611663123,23316.141645146556,53738.0463880459,114851.46223242355,490870.4430911797
73,173,112291.3,1095598414.07796,kgdmm2y,29072.30927880464,273474.2406919189,630291.7376253395,1347088.9353988227,5757402.907629417
74,174,65562.3,189284412.298299,kgdmm2y,5022.766467423297,47247.61396415275,108894.2806048975,232733.94171996627,994695.3297228904
75,175,67312.3,0,kgdmm2y,0,0,0,0,0
76,176,104.7,0,kgdmm2y,0,0,0,0,0
77,201,92369.5,115045300.114427,kgdmm2y,3052.790605592758,28716.659032812455,66184.92796539507,141453.51879156134,604566.5427010822
78,202,95809.7,517785526.497333,kgdmm2y,13739.725042489896,129245.35293280153,297879.16358742793,636641.2589609487,2720978.651920581
79,203,123016.3,301451360.656846,kgdmm2y,7999.178418771143,75245.80256950844,173423.30864711007,370648.3938674828,1584136.0466144942
80,204,28232.4,0,kgdmm2y,0,0,0,0,0
81,205,106404.4,678913220.046951,kgdmm2y,18015.3374202216,169464.71897214165,390575.03886616434,834755.2123748843,3567709.5703136236
82,206,25538.1,25178727.9665832,kgdmm2y,668.1314588315087,6284.906425357194,14485.18361959238,30958.41086968533,132314.97941443804
83,207,11405.5,16928591.3983043,kgdmm2y,449.20952646705285,4225.575374286359,9738.925459258053,20814.48628577579,88960.261429998907
84,208,16334.9,7766039.46645019,kgdmm2y,206.07614828472836,1938.4947248744513,4467.759762043201,9548.704801594584,40810.773026295676
85,209,13449.5,0,kgdmm2y,0,0,0,0,0
86,210,25173.4,53186405.0553928,kgdmm2y,1411.330645727031,13275.95180018341,30597.846099130315,65395.145559841454,279496.1722995748
87,211,115162.6,185177895.543885,kgdmm2y,4913.7977763327835,46222.579118472415,106531.8241176768,227684.78939205193,973115.4595822515
88,212,17042.4,0,kgdmm2y,0,0,0,0,0
89,213,11249.5,0,kgdmm2y,0,0,0,0,0
90,214,76327,64258579.5591481,kgdmm2y,1705.1369139963863,16039.696687283476,36967.60715171096,79008.89634038282,337680.78525864857
91,215,9990.5,5626309.07671808,kgdmm2y,149.29722010792779,1404.3928714048334,3236.784645554916,6917.807297813028,29566.424906501787
92,216,7065.8,0,kgdmm2y,0,0,0,0,0
93,217,33.1,0,kgdmm2y,0,0,0,0,0
94,301,262815.2,1372360307.27535,kgdmm2y,36416.339036636586,342557.2620089144,789511.331529798,1687380.4868246224,7211795.053639124
95,302,301167.6,1463585182.53715,kgdmm2y,38837.041507042595,365328.06303771224,841992.5001811824,1799545.691263814,7691184.541002004
96,303,71893.7,149264536.64801,kgdmm2y,3960.816954486419,37258.1826493416,85871.06640610824,183527.65318228956,784389.6689339853
97,304,133757.8,51548200.694053,kgdmm2y,1367.8599878264909,12867.036737822144,29655.396146459247,63380.89750989319,270887.3586758287
98,305,53459.4,12662385.2051259,kgdmm2y,336.00338788422664,3160.680167864852,7284.600516820652,15568.988405243432,66541.21844350171
99,306,79139.2,156090703.165008,kgdmm2y,4141.953054740637,38962.07403973184,89798.12243323795,191920.74071151597,820261.3810941405
100,307,490807.4,4014218735.3405,kgdmm2y,106519.51215610905,1001996.175343498,2309357.9448408354,4935667.643512176,21094841.24998498
101,308,302331.4,1411473910.86263,kgdmm2y,37454.24011963053,352320.47716540773,812013.1723987106,1735472.4719342787,7417338.227239634
102,309,111123.8,1057349622.18179,kgdmm2y,28057.356451876796,263926.8926976345,608287.4181625408,1300060.2762718697,5556404.345705018
103,310,158634.9,1029610218.37544,kgdmm2y,27321.276044762886,257002.81148711874,592329.0918258699,1265953.3959935314,5410632.937058911
104,311,300760.4,2392284400.9717,kgdmm2y,63480.5884110747,597142.302935375,1376268.0491386265,2941424.3444193816,12571527.11162184
105,312,548620.5,489855227.469122,kgdmm2y,12998.579125186781,122273.62203132294,281811.01628027624,602299.6641760129,2574204.083091624
106,313,248563.9,1360407478.5526,kgdmm2y,36099.164122070084,339573.69547844835,782634.9349520057,1672683.9309404257,7148982.576039224
107,314,468524.5,7131463594.75059,kgdmm2y,189237.32690103378,1780097.1291454455,4102691.755655785,8768464.410176158,37476057.56679085
108,315,560636.7,2239108057.39314,kgdmm2y,59415.969498258826,558907.6873008087,1288146.5417353155,2753086.943645411,11766580.778579328
109,316,1911985.8,33601049198.6204,kgdmm2y,891622.4063875948,8387216.792183723,19330498.66931075,41314044.46340516,176574533.03119737
110,317,115236.3,510154053.722623,kgdmm2y,13537.219695723887,127340.44763574406,293488.8193025099,627258.0101322609,2680875.03094228
111,318,407682.1,2756671052.71228,kgdmm2y,73149.78955297814,688097.4938361304,1585897.6843607042,3389454.590227889,14486390.022406666
112,319,353641.6,481029301.237195,kgdmm2y,12764.378295950972,120070.56711296545,276733.5094954969,591447.7795630903,2527823.5729546286
113,320,451139.3,2904519828.25793,kgdmm2y,77073.0385043497,725002.2858749216,1670954.2711967411,3571241.4996379614,15263339.823792014
114,321,365474.1,1253061491.3093,kgdmm2y,33250.67903768608,312778.87542808184,720879.3793056167,1540697.0735145598,6584876.156081457
115,322,481628.8,2801469308.98591,kgdmm2y,74338.53603599874,699279.6651147037,1611669.8746326794,3444536.118802531,14721806.218352504
116,323,552227.6,6730390958.04872,kgdmm2y,178594.64287773188,1679984.6852289787,3871956.8751991126,8275327.048666728,35368408.69194168
117,324,760910.7,6377776474.39638,kgdmm2y,169237.8227206361,1591967.9658410163,3669099.70348612,7841771.228134447,33515408.881640963
118,325,363721.1,578924673.050722,kgdmm2y,15362.086078068949,144506.40247923712,333052.17809977254,711814.6681075019,3042266.7220869684
119,326,286912.7,602556181.444518,kgdmm2y,15989.161210636837,150405.1047147975,346647.2548147828,740870.7009339621,3166451.015702082
120,327,637494.7,3796233317.61039,kgdmm2y,100735.14865111749,947584.4531014371,2183952.133776637,4667644.487829125,19949321.265898146
121,328,495571.7,1034956419.41304,kgdmm2y,27463.1404432821,258337.28609985762,595404.7318581888,1272526.7974987077,5438727.385721064
122,329,64353.9,352951624.908723,kgdmm2y,9365.766386617723,88100.87380796777,203051.12722221977,433970.35130405356,1854771.4978322443
123,330,34499.2,98094376.0293848,kgdmm2y,2602.9884689434266,24485.50915744086,56433.15463437214,120611.57343427195,515488.92232467764
124,331,38300.2,136323040.975463,kgdmm2y,3617.4072161296554,34027.83322843079,78425.89517355841,167615.48554496103,716381.7165156701
125,332,270059.8,2588348657.09342,kgdmm2y,68683.26178048302,646082.2456011719,1489062.7365799914,3182494.4177738107,13601850.726344656
126,333,79546.8,690402337.858198,kgdmm2y,18320.207509532836,172332.53780911487,397184.6651087575,848881.6142408905,3628085.2330040806
127,334,181520,597814581.099985,kgdmm2y,15863.340225573837,149221.5455409035,343919.43823356245,735040.6839513443,3141533.7620262397
128,335,8246.3,4060687.64107785,kgdmm2y,107.75259024574905,1013.595360363313,2336.0912505543088,4992.803312891139,21339.036759551993
129,336,243355.9,523289575.431158,kgdmm2y,13885.778022152614,130619.22823562015,301045.61264567624,643408.741756996,2749902.5960666733
130,337,207707.8,263252029.118444,kgdmm2y,6985.538049765465,65710.80046182923,151447.44345591366,323680.54853857285,1383397.4003708477
131,338,189410.8,0,kgdmm2y,0,0,0,0,0
132,339,584302.5,267360961.856008,kgdmm2y,7094.570850303789,66736.43836529877,153811.28984494336,328732.6714295399,1404989.9665762433
133,340,294675.1,213832500.681903,kgdmm2y,5674.1635564672615,53375.10533770864,123016.66074333862,262916.95204731805,1123696.2789944806
134,341,200756.1,615339434.110624,kgdmm2y,16328.371883382199,153595.9548214749,354001.3897166707,756588.30147413,3233627.3963202843
135,342,591424.1,693240170.886955,kgdmm2y,18395.510976965346,173040.89428606624,398817.2548312345,852370.8612354337,3642998.131673145
136,343,543295.8,1366142594.46632,kgdmm2y,36251.34859171792,341005.24781517265,785934.315572033,1679735.5212780258,7179120.784175489
137,344,834088.7,13382443674.0028,kgdmm2y,355110.53721652034,3340415.2245239285,7698846.190881995,16454333.604543135,70325147.5448084
138,345,636263.4,4427527457.54609,kgdmm2y,117486.88746917102,1105162.89001207,2547132.1779423933,5443849.838222216,23266791.125412364
139,346,67547.7,648442673.363168,kgdmm2y,17206.78462779107,161858.91240037137,373045.5010638679,797290.2655788253,3407585.922980754
140,347,264649,138188950.763968,kgdmm2y,3666.9201633562343,34493.586241628116,79499.34280522434,169909.7079518662,726187.129068
141,348,1133181,7295909595.19754,kgdmm2y,193600.99238578137,1821144.7835863295,4197296.634629141,8970658.375434045,38340226.28861041
142,349,60497.4,1453867012.32294,kgdmm2y,38579.16449073699,362902.2935348579,836401.6903441601,1787596.7513971003,7640115.261666457
143,350,8480.4,0,kgdmm2y,0,0,0,0,0
144,351,151,0,kgdmm2y,0,0,0,0,0
145,352,11059,24443904.0303148,kgdmm2y,648.6324996634795,6101.485734499067,14062.443453407413,30054.910845138074,128453.45733398864
146,401,102242.6,651836759.693094,kgdmm2y,17296.848583921943,162706.1162389243,374998.1002489807,801463.4517409096,3425421.949624793
147,402,193572.2,465172793.755252,kgdmm2y,12343.617108573126,116112.59648437568,267611.3480127477,571951.4700499276,2444497.1450333023
148,403,220702.9,378504426.046282,kgdmm2y,10043.824083731224,94479.15329327222,217751.51307823724,465388.7024430712,1989052.2431099478
149,404,1422855.5,4569015978.11937,kgdmm2y,121241.36354055954,1140480.0876578558,2628529.745098625,5617816.519901486,24010317.593940843
150,405,169075.5,234429615.355894,kgdmm2y,6220.719375058162,58516.38723765967,134866.0674521497,288242.05741617235,1231934.7415452066
151,406,888906.9,7973356148.64871,kgdmm2y,211577.4109974929,1990243.405338472,4587027.908275044,9803610.253377529,41900228.48146295
152,407,1460245.5,13127858152.227,kgdmm2y,348354.96972767834,3276867.6861520456,7552384.541401271,16141308.927717969,68987292.90347442
153,408,330766.8,1557929806.94174,kgdmm2y,41340.52824473673,388877.59011887654,896268.4433438272,1915546.77160194,8186968.404766835
154,409,121142.5,604667351.577831,kgdmm2y,16045.182276628891,150932.077592597,347861.7993729442,743466.4822812033,3177545.2788078445
155,410,2034582.6,17330398938.8528,kgdmm2y,459871.7115699884,4325871.258840249,9970083.125852901,21308527.245563254,91071772.2468599
156,411,200040.2,324323547.588687,kgdmm2y,8606.104536791063,80954.96924388058,186581.55190423827,398770.80582824355,1704330.0829083938
157,412,229209.1,526557258.944066,kgdmm2y,13972.487809691384,131434.88044543655,302925.4929858589,647426.509807827,2767074.3720720834
158,413,173127.5,420506780.375887,kgdmm2y,11158.37976382125,104963.43458645808,241915.23634999996,517032.5402316914,2209775.8895092215
159,414,147254.2,239011437.979668,kgdmm2y,6342.300570017343,59660.06401458907,137501.96479000777,293875.6202993756,1256012.3584506302
160,415,135238.2,919716899.506597,kgdmm2y,24405.19610819412,229572.14752429808,529108.0703154007,1130834.4764877397,4833140.212120098
161,416,183484.6,65788690.2352423,kgdmm2y,1745.7392462329187,16421.630295385326,37847.87140219012,80890.2382036209,345721.56328674883
162,417,250914.6,828971896.170214,kgdmm2y,21997.227304477175,206921.12816800582,476902.96934157243,1019259.296780997,4356272.466285121
163,418,655385.4,3197914059.71844,kgdmm2y,84858.41654801507,798236.9343018066,1839742.357762315,3931983.2804143718,16805135.412017684
164,419,41017.1,65418029.4929631,kgdmm2y,1735.903558631891,16329.109017746916,37634.63231721274,80434.49367323908,343773.72983982076
165,420,44054.6,498579976.645934,kgdmm2y,13230.09516536081,124451.42196759259,286830.3164621098,613027.1469189526,2620052.904734168
166,421,34980.5,112358021.762355,kgdmm2y,2981.482189693468,28045.882772626643,64638.95151978669,138149.38573706115,590444.8134259904
167,422,50424.5,113458268.885826,kgdmm2y,3010.677855044612,28320.517385819217,65271.91763434012,139502.19047572036,596226.6454425271
168,423,133306.3,277293635.063623,kgdmm2y,7358.139822060745,69215.7503363548,159525.50207348246,340945.352650123,1457186.4656503887
169,424,28932.7,0,kgdmm2y,0,0,0,0,0
170,425,596407.7,4450580595.47903,kgdmm2y,118098.61522198764,1110917.2241830286,2560394.5213145292,5472194.7378101,23387936.064707287
171,426,27558.7,0,kgdmm2y,0,0,0,0,0
172,427,521479.9,4076247198.39627,kgdmm2y,108165.47169646114,1017479.2087410403,2345042.578242348,5011934.508440548,21420802.705354214
173,428,55133.5,276027270.012653,kgdmm2y,7324.5361257167215,68899.65073607903,158796.96922952464,339388.2982345476,1450531.6788846457
174,429,81147.4,101684943.195247,kgdmm2y,2698.266152619262,25381.756921877317,58498.788163000754,125026.34187386472,534357.4617230038
175,430,209802.5,698151049.574139,kgdmm2y,18525.823856383537,174266.70732380965,401642.4563113018,858409.0137716063,3668804.9481757074
176,431,70741.5,0,kgdmm2y,0,0,0,0,0
177,432,101878.8,177364368.576671,kgdmm2y,4706.461520976575,44272.23095528803,102036.7450578076,218077.69651137045,932055.1382986195
178,433,83715.9,178970723.706658,kgdmm2y,4749.087041925214,44673.196075180495,102960.87232297433,220052.7844579405,940496.5832452663
179,434,232214.7,962233290.967634,kgdmm2y,25533.39204759244,240184.73852695365,553567.5163197003,1183110.3467101771,5056565.139241493
180,435,56823.7,0,kgdmm2y,0,0,0,0,0
181,436,26862.2,0,kgdmm2y,0,0,0,0,0
182,437,24779.6,1886829.38579334,kgdmm2y,50.06806029952657,470.97479054794985,1085.4825608478948,2319.9440195672846,9915.345670803612
183,438,43271.9,0,kgdmm2y,0,0,0,0,0
184,439,532109.4,0,kgdmm2y,0,0,0,0,0
185,440,2317386.5,0,kgdmm2y,0,0,0,0,0
186,441,342217.6,944591489.48773,kgdmm2y,25065.257097533497,235781.13753396153,543418.285025889,1161418.9356340836,4963856.937193117
187,442,513545.6,2844233561.36738,kgdmm2y,75473.30910187367,709954.1251162019,1636271.9136603186,3497116.7454933454,14946533.662131146
188,443,226414.9,0,kgdmm2y,0,0,0,0,0
189,444,17057.3,0,kgdmm2y,0,0,0,0,0
190,445,52200.4,42133398.9644324,kgdmm2y,1118.0330218824909,10516.991574202779,24239.112528930786,51804.96322961306,221412.28993132888
191,446,67537.2,41247031.7187141,kgdmm2y,1094.5127772645656,10295.743892221604,23729.190330888774,50715.13369530151,216754.4031617311
192,447,92395.5,0,kgdmm2y,0,0,0,0,0
193,448,506742.6,0,kgdmm2y,0,0,0,0,0
194,449,41661.1,0,kgdmm2y,0,0,0,0,0
195,450,297512.8,23112302.2685942,kgdmm2y,613.297711153839,5769.102284494685,13296.380288806926,28417.644875671496,121455.84967389842
196,451,89757.9,393280.180158651,kgdmm2y,10.43590688328865,98.16735517875166,226.25192309575954,483.5561756898238,2066.699279282928
197,452,310711.5,0,kgdmm2y,0,0,0,0,0
198,453,103018,368279326.592768,kgdmm2y,9772.495419962328,91926.84829436218,211869.0696398985,452816.4696247412,1935319.0352410723
199,501,445495.9,328402546.358264,kgdmm2y,8714.343022949155,81973.13527712747,188928.1774462367,403786.12352074584,1725765.3452037885
200,502,473079.8,58839872.7405536,kgdmm2y,1561.3485345161864,14687.123779449925,33850.254942645806,72346.3456231641,309205.31651746493
201,503,3635360.8,0,kgdmm2y,0,0,0,0,0
202,504,4421837.9,0,kgdmm2y,0,0,0,0,0
203,505,1108841.3,5564339712.81712,kgdmm2y,147652.82879630316,1388924.5898509223,3201134.0115718935,6841613.098029578,29240774.018984213
204,506,47031.7,447568130.671827,kgdmm2y,11876.46764638518,111718.26567163126,257483.48223402727,550305.7223504257,2351984.1063852427
205,507,261505.9,1187572034.15409,kgdmm2y,31512.880106569875,296431.93722635077,683203.6550474395,1460174.756226155,6240727.071709335
206,508,128171.6,977147239.529059,kgdmm2y,25929.14191321344,243907.43537111304,562147.428843165,1201447.7364252862,5134938.3914372325
207,509,626435.3,1504911508.57167,kgdmm2y,39933.6584027903,375643.59972310293,865767.3080955315,1850358.3209887645,7908355.638199172
208,510,38750.5,33981338.477789,kgdmm2y,901.7135925351282,8482.141465793657,19549.27699856672,41781.62772533416,178572.9647316195
209,511,163992.1,432610550.408535,kgdmm2y,11479.559989446909,107984.67784188369,248878.46863262024,531914.685439353,2273381.568272359
210,512,127020.2,262826351.742814,kgdmm2y,6974.242465399619,65604.54638589748,151202.55360457208,323157.1585122708,1381160.4528463967
211,513,11729.9,0,kgdmm2y,0,0,0,0,0
212,514,274125.8,1836715903.7398,kgdmm2y,48738.271363564614,458465.87644500856,1056652.550438867,2258327.1749997935,9651997.802114606
213,515,73892.6,268384926.199769,kgdmm2y,7121.742309946089,66992.03190012633,154400.3708961775,329991.6829615018,1410370.9302709012
214,516,413289.2,4621727182.47865,kgdmm2y,122640.08447324812,1153637.4237792687,2658854.210852708,5682627.384221411,24287316.572164237
215,517,179972.1,1272363577.54158,kgdmm2y,33762.870561022,317596.90300854814,731983.7632795353,1564429.8815028782,6686309.204878418
216,518,76867,276922816.68589,kgdmm2y,7348.299951515852,69123.18971105444,159312.17230169612,340489.4142996581,1455237.8038243682
217,519,11769.1,0,kgdmm2y,0,0,0,0,0
218,520,1124333.9,1255300808.14148,kgdmm2y,33310.10054713867,313337.8352280232,722167.6459543379,1543450.4171564642,6596643.833977875
219,521,387491.2,222315541.806655,kgdmm2y,5899.2657399266645,55492.572103396014,127896.90761314348,273347.2435581941,1168274.9174897638
220,522,1242882.8,893872466.835268,kgdmm2y,23719.399807194128,223121.07338062723,514239.9104430974,1099057.5508863032,4697326.934284015
221,523,1129298.6,5236905779.31981,kgdmm2y,138964.18845081617,1307193.2317279694,3012763.071773478,6439017.928831977,27520098.76375351
222,524,56317,168951723.776164,kgdmm2y,4483.227342877752,42172.33593949827,97196.99680589106,207733.9605378744,887846.4346231449
223,525,427614.6,267630714.106341,kgdmm2y,7101.728875315111,66803.77169737268,153966.47682988786,329064.3443007793,1406407.5228363206
224,526,15880.2,121231301.564634,kgdmm2y,3216.93957208328,30260.75769868921,69743.70055296327,149059.49375543342,637074.1680119447
225,527,286767.9,0,kgdmm2y,0,0,0,0,0
226,528,179550.7,160644511.017736,kgdmm2y,4262.790862270848,40098.75800055132,92417.90302750193,197519.8581376805,844191.7795277184
227,529,251550,0,kgdmm2y,0,0,0,0,0
228,530,233170.6,174682280.397772,kgdmm2y,4635.290829190206,43602.75022332616,100493.75449025979,214779.94501489765,917960.6835410275
229,531,949598.5,197328754.348208,kgdmm2y,5236.227528533236,49255.57628474114,113522.14631147285,242624.8324229395,1036968.5912692657
230,532,277921.9,1273851726.83958,kgdmm2y,33802.35942490549,317968.36256350676,732839.8873801455,1566259.629910505,6694129.47459148
231,533,207433.2,286067119.639473,kgdmm2y,7590.949082976474,71405.71520101014,164572.839462151,351732.75782080885,1503291.3932935628
232,534,284261.5,570614866.213099,kgdmm2y,15141.580762137275,142432.17702763496,328271.59196189995,701597.3761669288,2998598.435026665
233,535,542376.2,2894079672.14255,kgdmm2y,76796.00319323092,722396.3002056548,1664948.1068444676,3558404.844704775,15208476.48663998
234,536,185288.9,639564784.836238,kgdmm2y,16971.204950346142,159642.8870824697,367938.1006567653,786374.4909202828,3360932.3494069255
235,537,552812.3,4677982744.31539,kgdmm2y,124132.85688999812,1167679.4731837916,2691217.7259560125,5751796.200031256,24582941.25647135
236,538,10794.1,524801287.299453,kgdmm2y,13925.89213185813,130996.56928505465,301915.2921632925,645267.4614348673,2757846.687801549
237,539,10490.4,247745164.758041,kgdmm2y,6574.05483580927,61840.10486572185,142526.42973660814,304614.1414187623,1301908.3576617679
238,540,416903.4,1375631216.1205,kgdmm2y,36503.13441014852,343373.7192995656,791393.0673858678,1691402.2205706574,7228983.778863327
239,541,91084.2,33861559.0681419,kgdmm2y,898.5351797173042,8452.24311738163,19480.368563442935,41634.35339985971,177943.52029968615
240,542,124749.4,34296165.6922175,kgdmm2y,910.0677066244159,8560.726038670611,19730.395362270156,42168.72235021638,180227.39129564198
241,543,118571.2,34766307.697484,kgdmm2y,922.543184506125,8678.079008751201,20000.865470315603,42746.783695708305,182698.0017979382
242,544,216999.9,211584774.377782,kgdmm2y,5614.518897030158,52814.04643473453,121723.55617169417,260153.26857061777,1111884.4090678592
243,545,168159.9,444407545.223361,kgdmm2y,11792.599765162275,110929.3463974202,255665.21482086793,546419.6363244668,2335375.133957947
244,546,863486.2,2730282321.77755,kgdmm2y,72449.5499968126,681510.5564487922,1570716.3926931948,3357008.4247309193,14347716.44068181
245,547,20229.8,1112928844.58428,kgdmm2y,29532.181828034816,277800.11983036995,640261.8389117825,1368397.5014580472,5848474.845764276
246,548,3761.5,0,kgdmm2y,0,0,0,0,0
247,549,17992.3,29250607.0741119,kgdmm2y,776.1810208232567,7301.295307279637,16827.71325919987,35964.97460832473,153712.82766975055
248,550,55611.5,156592128.179503,kgdmm2y,4155.258644557318,39087.23561658421,90086.58948431599,192537.26596408934,822896.3847590929
249,551,331171.7,494367384.117481,kgdmm2y,13118.31169499513,123399.90936200647,284406.83516590815,607847.5695195105,2597915.6031825
250,552,315661.7,30386960.3512757,kgdmm2y,806.3347829127101,7584.942440788568,17481.451045250422,37362.173533315705,159684.398619443
251,553,144003,0,kgdmm2y,0,0,0,0,0
252,554,30239.3,0,kgdmm2y,0,0,0,0,0
253,555,569040.1,239859229.363576,kgdmm2y,6364.797182827449,59871.68270808135,137989.69450706552,294918.0190269697,1260467.5278959812
254,556,240013.3,219287855.246527,kgdmm2y,5818.924404137676,54736.825953671105,126155.09619899136,269624.562863702,1152364.3327529817
255,557,105045.2,477172690.807207,kgdmm2y,12662.041007262182,119107.91182300402,274514.82274127513,586705.8986223874,2507556.9681312786
256,558,291051.2,3523995658.21132,kgdmm2y,93511.17193694122,879630.7337136976,2027335.306675712,4332915.69116142,18518704.105768792
257,559,111632.3,34803016.7875996,kgdmm2y,923.5172804955596,8687.242029084982,20021.984007818304,42791.91922026536,182890.90918028948
258,560,212059.1,61580379.147631,kgdmm2y,1634.0693862656399,15371.18638775295,35426.85319534032,75715.9250337645,323606.7608366073
259,561,121342.6,581283675.687319,kgdmm2y,15424.683516472858,145095.23726262493,334409.2993330438,714715.17098292,3054663.3525169967
260,562,9576,3593164.7879126,kgdmm2y,95.3466130122313,896.8961614300182,2067.1279262973303,4417.962336076635,18882.18998101579
261,563,53130.3,4518248.47936534,kgdmm2y,119.89421991008011,1127.807923299832,2599.323482481406,5555.395531544195,23743.532847647184
262,564,753239.6,786773543.768394,kgdmm2y,20877.470707244272,196387.92345243512,452626.4894576056,967374.4702951973,4134518.844069562
263,565,79610.1,7982931.90701148,kgdmm2y,211.83150903663238,1992.6336271694443,4592.536789357744,9815.384091284546,41950.549382198245
264,566,159492.3,0,kgdmm2y,0,0,0,0,0
265,567,172766.6,227895587.6023,kgdmm2y,6047.335338309034,56885.41711611393,131107.07724772257,280208.16801166564,1197598.2274505482
266,568,55959.2,119981787.270727,kgdmm2y,3183.78301988863,29948.864245422854,69024.8618568,147523.15812522775,630507.9324858382
267,569,174223,80766929.0001438,kgdmm2y,2143.1950879260335,20160.374729933428,46464.76972587208,99306.67569813957,424432.6624523918
268,570,443684.6,3838910.35911584,kgdmm2y,101.86760752820977,958.2371442432935,2208.504000867296,4720.117884713265,20173.590413877228
269,571,454454.3,0,kgdmm2y,0,0,0,0,0
270,572,65490.4,43276780.0106629,kgdmm2y,1148.3732697072478,10802.392921467932,24896.89335184572,53210.80312179479,227420.792020697
271,573,183360,0,kgdmm2y,0,0,0,0,0
272,574,49118.4,55314088.3135694,kgdmm2y,1467.7898966114915,13807.046548027163,31821.890567140144,68011.23055804323,290677.2123775214
273,575,555760.2,1002292548.68388,kgdmm2y,26596.386585409626,250184.000068284,576613.3868042822,1232365.057319867,5267077.753981897
274,576,531615.1,435619674.603983,kgdmm2y,11559.408762632676,108735.7906072215,250609.60122053616,535614.5428477267,2289194.607219545
275,577,11812.8,0,kgdmm2y,0,0,0,0,0
276,578,148876.9,64651126.259741,kgdmm2y,1715.5533575941213,16137.68095734205,37193.43710804949,79491.55066901384,339743.6300805589
277,579,232174.7,808023220.178007,kgdmm2y,21441.342612055945,201692.09243113757,464851.3113413274,993501.9305072365,4246186.538340416
278,580,152414.3,692713032.605067,kgdmm2y,18381.5230713908,172909.31437546524,398513.9950789469,851722.7203310367,3640228.0040078736
279,581,132463.3,390367620.570442,kgdmm2y,10358.620505311716,97440.34607430188,224576.34359491247,479975.0489333854,2051393.6902766577
280,582,46791.9,31941862.3109086,kgdmm2y,847.5949655561019,7973.064244632952,18375.977584702247,39273.99742657517,167855.4555947337
281,583,31484.5,46342288.4929256,kgdmm2y,1229.718231098182,11567.579867477672,26660.463509636298,56979.987619293956,243530.13210585527
282,584,2265.8,0,kgdmm2y,0,0,0,0,0
283,585,343.2,0,kgdmm2y,0,0,0,0,0
284,586,4681.5,4916075.35522232,kgdmm2y,130.45077587595225,1227.110187162076,2828.1910945881477,6044.542079937322,25834.12515077653
285,587,1110.1,0,kgdmm2y,0,0,0,0,0
286,601,245649.3,68657550.9149107,kgdmm2y,1821.8660495263623,17137.731638671306,39498.311161465404,84417.6351303812,360797.51320276543
287,602,3413579.1,16464346788.7635,kgdmm2y,436890.5392394686,4109694.4634908345,9471848.090515308,20243676.061157797,86520641.92117468
288,603,257228.6,1899882641.64228,kgdmm2y,50414.435655915826,474233.0366224027,1092992.027094814,2335993.601511811,9983940.926339798
289,604,27363.5,26226568.3558655,kgdmm2y,695.936482534172,6546.459701761363,15088.000428405101,32246.77910418493,137821.41245273576
290,605,2049511,24472520309.4348,kgdmm2y,649391.8484415493,6108628.694093761,14078906.24128585,30090095.884181123,128603836.74901333
291,606,572465.6,900990954.463619,kgdmm2y,23908.292809657018,224897.93155605317,518335.1371967011,1107810.0607454884,4734734.80275367
292,607,828911.4,9906029478.01623,kgdmm2y,262861.96567034355,2472661.3830051464,5698884.237543629,12179921.52243175,52056485.46670408
293,608,3260901.5,29092286014.2933,kgdmm2y,771979.8840223532,7261776.5100058485,16736632.024859337,35770311.5409254,152880845.6967703
294,609,1236872.9,9935952710.84913,kgdmm2y,263655.9951873285,2480130.573607172,5716098.908699838,12216713.521527959,52213732.96314446
295,610,315214.5,2919824762.57816,kgdmm2y,77479.16339311561,728822.5773597236,1679759.115675325,3590059.6244315594,15343767.718013208
296,611,151477.6,1125495865.90955,kgdmm2y,29865.654682674765,280936.99605301366,647491.5771133892,1383849.2355612216,5914514.92412569
297,612,260893.2,1011221180.08883,kgdmm2y,26833.312753160255,252412.6914049191,581749.9793098293,1243343.2226944352,5313997.982919316
298,613,208552.5,647243975.355724,kgdmm2y,17174.976513835714,161559.7032894486,372355.89669762226,795816.4109237221,3401286.7285818323
299,614,249850.8,1009531955.96014,kgdmm2y,26788.488257542645,251991.04120899332,580778.1779658061,1241266.24348022,5305121.058870149
300,615,112259.8,284719537.241227,kgdmm2y,7555.1902394467,71069.34279630902,163797.5827253122,350075.84291942755,1496209.8069036615
301,616,459995.9,5055091982.72384,kgdmm2y,134139.6588988634,1261810.371245059,2908166.5952650886,6215469.454728531,26564661.746212978
302,617,488743.9,2909416408.72763,kgdmm2y,77202.97197266664,726224.5299095345,1673771.2469909852,3577262.071854264,15289071.502727877
303,618,346395.5,446036175.451374,kgdmm2y,11835.816368144902,111335.87164357858,256602.15682733053,548422.1125345649,2343933.6352205714
304,619,232668.6,402024297.428723,kgdmm2y,10667.936866518965,100349.98961873166,231282.36563504676,494307.47239944607,2112649.880843202
305,620,555204.4,2018056014.11723,kgdmm2y,53550.23138997815,503730.49928055017,1160976.5178728213,2481293.229983563,10604945.584204553
306,621,1073120.7,37099097.9214187,kgdmm2y,984.4450620566483,9260.370865864712,21342.90684685102,45615.057197102185,194956.88520411242
307,622,475218.4,912972877.550485,kgdmm2y,24226.239759251115,227888.76038174776,525228.2716020385,1122542.389496348,4797700.172119754
308,623,528736.9,97836721.5194915,kgdmm2y,2596.15146415915,24421.195563565117,56284.92741291862,120294.77529457677,514134.94005766965
309,624,482783.6,1115781557.32407,kgdmm2y,29607.88013682121,278512.19045807596,641902.9888501214,1371905.0437456805,5863465.937766285
310,625,1132542.8,1960514590.35357,kgdmm2y,52023.337916508004,489367.48362636805,1127873.2534801327,2410543.387447185,10302563.65645702
311,626,474960.2,2191804483.05681,kgdmm2y,58160.74301615765,547100.1591888511,1260933.055770728,2694925.0106100175,11517999.060199924
312,627,52479.5,31771486.2011117,kgdmm2y,843.0739413431346,7930.536365201908,18277.961146458212,39064.512117528924,166960.12396835416
313,628,216315.7,981427406.261501,kgdmm2y,26042.71850241937,244975.81529221256,564609.7852070042,1206710.3994346946,5157430.797481137
314,629,434127.9,216698447.353827,kgdmm2y,5750.213034955103,54090.479310413364,124665.42408999677,266440.7660667469,1138756.9157113861
315,630,429125,681700588.516529,kgdmm2y,18089.30178269264,170160.47890201333,392178.5966054943,838182.4108592924,3582357.2761930525
316,631,468661.6,583513199.09261,kgdmm2y,15483.845151931688,145651.75250811287,335691.9318771771,717456.4731533943,3066379.56565797
317,632,283965.7,338575749.859824,kgdmm2y,8984.294598958397,84512.48643649809,194780.7654290431,416294.54786530393,1779225.838270566
318,633,177358.1,490151874.482335,kgdmm2y,13006.450817591538,122347.6686123051,281981.67567428126,602664.4054024363,2575762.972146652
319,634,116962.2,214181207.759911,kgdmm2y,5683.4166914565885,53462.146722724145,123217.27000609014,263345.70353184367,1125528.7452695651
320,635,172706.3,232854933.140401,kgdmm2y,6178.934312396153,58123.3280494758,133960.16144036886,286305.9127832458,1223659.7387252166
321,636,785698.1,1234959962.57213,kgdmm2y,32770.34497083818,308260.5211085143,710465.6694509637,1518440.4065074548,6489752.073347522
322,637,280477.6,482910208.218832,kgdmm2y,12814.289201983847,120540.06360183013,277815.58492982964,593760.4417127612,2537707.7962118983
323,638,164623.6,1463635738.27148,kgdmm2y,38838.38303138708,365340.6823431812,842021.584616892,1799607.8518780153,7691450.212919826
324,639,55359.7,161515652.394721,kgdmm2y,4285.9070800490435,40316.20512674745,92919.06586706235,198590.9667619954,848769.6538951533
325,640,62731.3,170066998.501824,kgdmm2y,4512.821773956322,42450.72161881621,97838.60821727435,209105.2424086417,893707.2371451387
326,641,270365.5,266069250.213338,kgdmm2y,7060.294568144017,66414.01195783689,153068.17524628402,327144.4522068688,1398201.9827020736
327,642,295993.1,893698585.728988,kgdmm2y,23714.785775962835,223077.67061287988,514139.8775996676,1098843.7560219306,4696413.183794771
328,643,3456,22827279.6383144,kgdmm2y,605.7344781731429,5697.957286113703,13132.408338324694,28067.196365839252,119958.04710388089
329,701,463488.6,6043710.29272351,kgdmm2y,160.37319200523243,1508.581120624813,3476.9132678151086,7431.021402979594,31759.880961018054
330,702,360672.2,238342356.416597,kgdmm2y,6324.546121047356,59493.05339274932,137117.04584928806,293052.95356409124,1252496.3145360285
331,703,898631,3018891210.10157,kgdmm2y,80107.94631626077,753550.7269868028,1736751.497690088,3711866.404738343,15864364.9055327
332,704,58716.2,3568765.42776809,kgdmm2y,94.69916250918989,890.805794372939,2053.0911086962637,4387.962193999812,18753.97060315321
333,705,224295,608116035.263803,kgdmm2y,16136.695003769633,151792.90957290021,349845.8081164954,747706.7984183647,3195668.216214448
334,706,178632.7,952079374.693808,kgdmm2y,25263.95226882807,237650.20168630767,547726.0241728555,1170625.6369043963,5003206.001141653
335,707,620464,3031813918.20678,kgdmm2y,80450.85751613737,756776.3868100964,1744185.8605385527,3727755.4721924677,15932274.128714621
336,708,267475.2,2071293644.19142,kgdmm2y,54962.92131988281,517019.23744747165,1191603.8334433318,2546751.3590738215,10884710.94553213
337,709,1065968.8,14250184622.2909,kgdmm2y,378136.5227403728,3557013.5637521627,8198052.782528492,17521261.2444623,74885152.55626829
338,710,171738.1,300140929.801978,kgdmm2y,7964.405411972596,74918.70362667556,172669.4249887007,369037.1585074138,1577249.6927122627
339,711,289971.2,1388755063.12452,kgdmm2y,36851.38294184221,346649.58575598226,798943.1443357823,1707538.5976060885,7297949.993061271
340,712,185979.7,621947858.068379,kgdmm2y,16503.73006451557,155245.4951099558,357803.1796478872,764713.6644534187,3268354.8647250715
341,713,558607.6,5077605325.54918,kgdmm2y,134737.06289024182,1267429.9662129637,2921118.397482766,6243150.651259268,26682970.045839496
342,714,321690.2,2747834620.44204,kgdmm2y,72915.30994021069,685891.8164871328,1580814.133509907,3378589.787954823,14439954.30271957
343,715,154254.9,1160914979.27282,kgdmm2y,30805.52042622335,289778.0230283521,667867.9980902963,1427398.6740235363,6100643.439504169
344,716,165357.9,549741914.806035,kgdmm2y,14587.705463423632,137222.0430372074,316263.49789871206,675933.1167738221,2888910.4420744535
345,717,50534.3,19247702.8787842,kgdmm2y,510.74843100195903,4804.452856267656,11073.097529969482,23665.941139277027,101147.26262429019
346,718,16372.1,23217914.5398906,kgdmm2y,616.1001911276256,5795.464348668388,13357.13844721115,28547.50004913434,122010.8453639524
347,719,115638.7,866636495.18607,kgdmm2y,22996.678250536326,216322.6547533609,498571.205855628,1065569.663735291,4554201.07689842
348,720,460940.8,4404550162.23998,kgdmm2y,116877.17224236335,1099427.4870521445,2533913.4664160474,5415598.190652698,23146044.74142258
349,721,142240.9,389965408.852929,kgdmm2y,10347.947595149702,97339.94930242737,224344.95340753443,479480.51101932174,2049280.0554975849
350,722,201211.2,725270037.194139,kgdmm2y,19245.441177188288,181035.92536247807,417243.8606306344,891753.0636467279,3811316.050938443
351,723,688.2,0,kgdmm2y,0,0,0,0,0
352,724,129550.8,450519087.75371,kgdmm2y,11954.77292307288,112454.85924178675,259181.15160165145,553934.0606017063,2367491.475385791
353,725,5891.8,0,kgdmm2y,0,0,0,0,0
354,726,195480.8,670415164.058845,kgdmm2y,17789.836809066794,167343.50432009183,385686.15402811125,824306.4593948871,3523052.0282558477
355,727,223516.7,2338113753.33127,kgdmm2y,62043.140344520936,583620.6726181903,1345103.973697434,2874819.027067563,12286858.714674903
356,728,108964.9,909109959.627034,kgdmm2y,24123.735097738143,226924.53066728616,523005.9561815429,1117792.753200631,4777400.42122688
357,729,185822.2,2053595807.31749,kgdmm2y,54493.29943968163,512601.64936154813,1181422.3652957468,2524991.0498884264,10791708.275787972
358,730,71729.3,265322880.460772,kgdmm2y,7040.489234361014,66227.70929553323,152638.79283552934,326226.7560670436,1394279.7870066678
359,731,34075.8,76731495.580671,kgdmm2y,2036.1126324045258,19153.08312009491,44143.20709001207,94344.92361903914,403226.337393615
360,732,168640.2,734063792.718988,kgdmm2y,19478.7883389362,183230.95009424744,422302.85978469404,902565.3928869958,3857527.503033649
361,733,51028.4,584376792.129392,kgdmm2y,15506.761070331842,145867.3154798789,336188.7521981636,718518.3007442233,3070917.7732686135
362,734,149639.7,689624746.340049,kgdmm2y,18299.573688948833,172138.44182717314,396737.32098810235,847925.5294958792,3623998.9659832334
363,735,97718.1,286311369.243854,kgdmm2y,7597.430381186243,71466.68277292252,164713.35491524165,352033.07400903007,1504574.932375384
364,736,62200.3,161201253.015063,kgdmm2y,4277.564318791787,40237.72734645754,92738.19363434764,198204.39817975624,847117.4756158306
365,737,116178.3,152719090.498238,kgdmm2y,4052.4854496791913,38120.479891635005,87858.45222284747,187775.1869579732,802543.4542318617
366,738,163883.8,557102530.888842,kgdmm2y,14783.02347821101,139059.3393205946,320498.019819529,684983.3347692657,2927590.7029187167
367,739,167140.6,538772728.659421,kgdmm2y,14296.63204811614,134484.00525446908,309952.9854811638,662445.9949429005,2831267.036056936
368,740,63547.8,132161189.127115,kgdmm2y,3506.9701777467862,32988.9860929527,76031.60471135276,162498.29615910654,694511.0587774812
369,741,116055.1,640692497.209834,kgdmm2y,17001.129421284983,159924.3773448918,368586.86737855134,787761.065454586,3366858.5121461945
370,742,109739.1,669396661.20906,kgdmm2y,17762.810273184834,167089.27403834945,385100.2149443023,823054.1630224317,3517699.7648777408
371,743,150111.1,157967641.177557,kgdmm2y,4191.758641985752,39430.57982726496,90877.91454149886,194228.52283007815,830124.7472984298
372,744,72997.2,221520119.549942,kgdmm2y,5878.158770842681,55294.02535954452,127439.30556672995,272369.2350952211,1164094.9493967588
373,745,107684.9,438419970.842812,kgdmm2y,11633.716170603893,109434.77746023798,252220.59623436397,539057.636622502,2303910.248918631
374,746,191318.4,691306382.217944,kgdmm2y,18344.19682613879,172558.197906516,397704.75685320765,849993.1786046893,3632836.013544237
375,747,69671.3,29624850.2407121,kgdmm2y,786.1117700330725,7394.7108001327015,17043.013293172047,36425.12389514167,155679.48686518005
376,748,93598.6,49098532.9766729,kgdmm2y,1302.8567014079783,12255.570884686691,28246.115791219217,60368.91772324519,258014.28049540843
377,749,184266,230627716.626395,kgdmm2y,6119.833891572216,57567.3886311654,132678.85603809505,283567.4470423292,1211955.648367939
378,750,2838.3,200620511.750703,kgdmm2y,5323.576130033967,50077.2376203382,115415.87622783617,246672.2004347397,1054266.8762948834
379,751,1933.3,0,kgdmm2y,0,0,0,0,0
380,752,100061.1,301928610.116889,kgdmm2y,8011.842496892496,75364.92964383497,173697.86763477017,371235.1941574321,1586644.007007289
381,753,1649.7,139247814.576636,kgdmm2y,3695.0176996893124,34757.891094067345,80108.50132883975,171211.62999539133,731751.4905306522
382,755,179704.2,534830618.004325,kgdmm2y,14192.02596371187,133500.00810343891,307685.1109180166,657598.9875199602,2810551.1249564737
383,756,26253.6,77641054.832342,kgdmm2y,2060.248289714902,19380.119799336888,44666.471521433676,95463.26879759328,408006.0988581649
384,757,26397.9,60817560.6235955,kgdmm2y,1613.8275752430993,15180.777918768536,34988.00789689055,74778.00436845368,319598.1263480555
385,758,10398.3,56573758.3486432,kgdmm2y,1501.2159370094491,14121.474993648899,32546.57180530114,69560.05314184501,297296.8166315957
386,759,34537.2,112333557.633091,kgdmm2y,2980.833020506054,28039.77623843611,64624.87744086766,138119.30595835552,590316.2536844397
387,760,37260,137772307.612987,kgdmm2y,3655.8643071332144,34389.58721434776,79259.65029360045,169397.4259227173,723997.6566681878
388,761,201572.1,1397289374.83308,kgdmm2y,37077.84561857197,348779.8502619699,803852.886890267,1718031.9286716697,7342798.06003007
389,762,4987.5,0,kgdmm2y,0,0,0,0,0
390,763,517089.7,3335738159.05092,kgdmm2y,88515.65517704199,832639.4493380465,1919031.8035470867,4101444.386652228,17529405.235743225
391,764,491934.5,1406823829.49261,kgdmm2y,37330.84764112407,351159.7622031722,809338.0061798223,1729754.9817647354,7392901.908551644
392,765,518406.6,3056361830.98215,kgdmm2y,81102.24994531981,762903.8343497732,1758308.1396505432,3757938.2666013716,16061274.155159615
393,766,1101454,14000824121.2257,kgdmm2y,371519.60406311625,3494770.251959171,8054597.058704921,17214660.972324144,73574755.55730134
394,767,200059.3,911422581.167908,kgdmm2y,24185.101788139662,227501.78818406575,524336.3946257186,1120636.228373145,4789553.31759163
395,768,6532.7,0,kgdmm2y,0,0,0,0,0
396,769,1936.1,0,kgdmm2y,0,0,0,0,0
397,801,143332.2,59623793.9954072,kgdmm2y,1582.1503181610747,14882.799738066353,34301.24052598926,73310.21307228411,313324.84649674565
398,802,533507.9,54124511.337775,kgdmm2y,1436.223814270687,13510.114153803368,31137.533480201906,66548.5906333164,284425.94927666016
399,803,198343.9,151721604.857047,kgdmm2y,4026.0166170401103,37871.49575217239,87284.6042234674,186548.7322157961,797301.6369226017
400,804,2259681,134317369.816351,kgdmm2y,3564.1856237103607,33527.19413451841,77272.04359460589,165149.42006716263,705841.853720288
401,805,1108865.2,1241878120.26645,kgdmm2y,32953.922107811384,309987.37457793386,714445.6474961024,1526946.6014449545,6526107.201935616
402,806,1664021.4,255203605.381603,kgdmm2y,6771.968678837493,63701.81930421066,146817.2295773113,313784.6392126871,1341102.689435802
403,807,561061.6,1116555826.67235,kgdmm2y,29628.42580179211,278705.457187373,642348.4217447354,1372857.0437291453,5867534.746683671
404,808,1110963.5,1094703018.21653,kgdmm2y,29048.549454880143,273250.739361343,629776.6213143705,1345988.004763806,5752697.575210317
405,809,100308.8,25351452.4033441,kgdmm2y,672.7147971980088,6328.020474798274,14584.551037413996,31170.783555373648,133222.6515702642
406,810,37086.5,249955376.332786,kgdmm2y,6632.704021174017,62391.79965133411,143797.95229091748,307331.6988001638,1313523.0865472804
407,811,272725.1,1043198638.31572,kgdmm2y,27681.852276015066,260394.64080853885,600146.4350290815,1282660.986946471,5482040.49613255
408,812,105302,130426199.138125,kgdmm2y,3460.9312597386793,32555.912200411123,75033.47451978673,160365.0457024024,685393.6337438519
409,813,227121.6,1451573536.84849,kgdmm2y,38518.30585178699,362329.8151012809,835082.2665266212,1784776.8171990023,7628062.978461677
410,814,126918,127118551.424636,kgdmm2y,3373.1610000557,31730.284456431567,73130.60299496622,156298.13981810713,668011.8446518313
411,815,289729,2165814381.89321,kgdmm2y,57471.08132122767,540612.7244774717,1245981.0936165568,2662968.978858323,11381420.290017216
412,816,87442.8,147141859.317424,kgdmm2y,3904.4905386565474,36728.337439858995,84649.90182068948,180917.72320364794,773234.9351574127
413,817,51318.2,49841070.4216651,kgdmm2y,1322.5603427920105,12440.916957978934,28673.293496519098,61281.90186361574,261916.33729823766
414,818,39962.7,17498820.3676785,kgdmm2y,464.3408672433468,4367.91122692757,10066.975046892449,21515.609183926685,91956.83196542863
415,819,12203.3,2645161.36714972,kgdmm2y,70.19081843308537,660.2633657494447,1521.7467759875565,3252.3482730947594,13900.403241450043
416,820,19713.3,1663469.36700783,kgdmm2y,44.14107878585135,415.2215047149224,956.9847713774458,2045.3125432433114,8741.5819950993955
417,821,20237.7,46874600.6823458,kgdmm2y,1243.8434291678832,11700.451246207493,26966.699782450884,57634.49008236055,246327.44881219033
418,822,192,0,kgdmm2y,0,0,0,0,0
419,823,3244.8,0,kgdmm2y,0,0,0,0,0
420,824,1832.3,0,kgdmm2y,0,0,0,0,0
421,825,202.7,0,kgdmm2y,0,0,0,0,0
422,826,1257.6,0,kgdmm2y,0,0,0,0,0
423,827,187.4,0,kgdmm2y,0,0,0,0,0
424,828,17210.3,0,kgdmm2y,0,0,0,0,0
425,829,649.9,0,kgdmm2y,0,0,0,0,0
426,830,800.8,0,kgdmm2y,0,0,0,0,0
427,901,2563,0,kgdmm2y,0,0,0,0,0
428,902,4389.2,0,kgdmm2y,0,0,0,0,0
429,903,7871.8,0,kgdmm2y,0,0,0,0,0
430,904,884.1,0,kgdmm2y,0,0,0,0,0
431,905,3939.8,0,kgdmm2y,0,0,0,0,0
432,906,963,0,kgdmm2y,0,0,0,0,0
433,907,150.8,0,kgdmm2y,0,0,0,0,0
434,908,50.6,0,kgdmm2y,0,0,0,0,0
435,909,160.4,0,kgdmm2y,0,0,0,0,0
436,910,173.1,0,kgdmm2y,0,0,0,0,0
437,911,1186.8,0,kgdmm2y,0,0,0,0,0
438,912,288.6,0,kgdmm2y,0,0,0,0,0
439,913,15.8,0,kgdmm2y,0,0,0,0,0
440,914,421,0,kgdmm2y,0,0,0,0,0
441,915,29.8,0,kgdmm2y,0,0,0,0,0
442,916,51.8,0,kgdmm2y,0,0,0,0,0
443,917,1013,0,kgdmm2y,0,0,0,0,0
444,918,286.5,0,kgdmm2y,0,0,0,0,0
445,919,241.9,0,kgdmm2y,0,0,0,0,0
446,920,82.1,0,kgdmm2y,0,0,0,0,0
447,921,52,0,kgdmm2y,0,0,0,0,0
448,998,2146773.9,299543672.196231,kgdmm2y,7948.556851395764,74769.62110872888,172325.8259753222,368302.8026504261,1574111.085872616
449,999,32802.8,0,kgdmm2y,0,0,0,0,0
